-- Seed: Dados mockados para demonstração da plataforma
-- Executar APÓS 002_novas_tabelas.sql
-- IMPORTANTE: Executar este script no SQL Editor do Supabase

-- Limpar dados existentes (ordem inversa de dependência)
DELETE FROM alwayson_faturamento_itens;
DELETE FROM alwayson_faturamento;
DELETE FROM alwayson_excelencia_clientes;
DELETE FROM alwayson_excelencia_config;
DELETE FROM alwayson_performance_periodo;
DELETE FROM alwayson_metas_distribuidor;
DELETE FROM alwayson_estoque_distribuidor;
DELETE FROM alwayson_clientes_distribuidor;
DELETE FROM alwayson_vendedores_distribuidor;
DELETE FROM alwayson_relatorios_ingestao;
DELETE FROM alwayson_produtos;
DELETE FROM alwayson_distribuidores;

-- ============================================================
-- DISTRIBUIDORES (3)
-- ============================================================
INSERT INTO alwayson_distribuidores (id, nome, cnpj, estado, cidade, responsavel, email, telefone, status, lead_time_dias) VALUES
  ('d1000000-0000-0000-0000-000000000001', 'Nordeste Distribuição Ltda', '12.345.678/0001-01', 'PE', 'Recife', 'Carlos Mendes', 'carlos@nordeste.com', '(81) 99999-0001', 'ativo', 7),
  ('d1000000-0000-0000-0000-000000000002', 'Paraíba Distribuidora S.A.', '23.456.789/0001-02', 'PB', 'João Pessoa', 'Fernanda Lima', 'fernanda@pbdist.com', '(83) 99999-0002', 'ativo', 10),
  ('d1000000-0000-0000-0000-000000000003', 'Potiguar Comércio e Distribuição', '34.567.890/0001-03', 'RN', 'Natal', 'Roberto Alves', 'roberto@potiguar.com', '(84) 99999-0003', 'ativo', 5);

-- ============================================================
-- PRODUTOS (15 SKUs)
-- ============================================================
INSERT INTO alwayson_produtos (id, sku, descricao, categoria, preco_referencia) VALUES
  ('p1000000-0000-0000-0000-000000000001', 'AO-001', 'Cerveja Premium Lager 350ml', 'Cervejas', 4.50),
  ('p1000000-0000-0000-0000-000000000002', 'AO-002', 'Cerveja Premium Lager 600ml', 'Cervejas', 8.90),
  ('p1000000-0000-0000-0000-000000000003', 'AO-003', 'Cerveja IPA Artesanal 350ml', 'Cervejas', 7.50),
  ('p1000000-0000-0000-0000-000000000004', 'AO-004', 'Cerveja Pilsen Clássica 350ml', 'Cervejas', 3.20),
  ('p1000000-0000-0000-0000-000000000005', 'AO-005', 'Cerveja Pilsen Clássica 1L', 'Cervejas', 7.80),
  ('p1000000-0000-0000-0000-000000000006', 'AO-006', 'Refrigerante Cola 350ml', 'Refrigerantes', 3.00),
  ('p1000000-0000-0000-0000-000000000007', 'AO-007', 'Refrigerante Cola 2L', 'Refrigerantes', 8.50),
  ('p1000000-0000-0000-0000-000000000008', 'AO-008', 'Refrigerante Guaraná 350ml', 'Refrigerantes', 2.80),
  ('p1000000-0000-0000-0000-000000000009', 'AO-009', 'Refrigerante Guaraná 2L', 'Refrigerantes', 7.90),
  ('p1000000-0000-0000-0000-000000000010', 'AO-010', 'Água Mineral 500ml', 'Águas', 1.50),
  ('p1000000-0000-0000-0000-000000000011', 'AO-011', 'Água Mineral 1.5L', 'Águas', 3.20),
  ('p1000000-0000-0000-0000-000000000012', 'AO-012', 'Energético Power 250ml', 'Energéticos', 6.90),
  ('p1000000-0000-0000-0000-000000000013', 'AO-013', 'Suco Natural Laranja 1L', 'Sucos', 9.50),
  ('p1000000-0000-0000-0000-000000000014', 'AO-014', 'Suco Natural Uva 1L', 'Sucos', 10.20),
  ('p1000000-0000-0000-0000-000000000015', 'AO-015', 'Isotônico Sport 500ml', 'Isotônicos', 5.40);

-- ============================================================
-- VENDEDORES — Distribuidor 1 (Nordeste Distribuição): hierarquia completa
-- ============================================================
-- Gerentes
INSERT INTO alwayson_vendedores_distribuidor (id, distribuidor_id, nome, tipo, supervisor_id, ativo) VALUES
  ('v1000000-0000-0000-0000-000000000001', 'd1000000-0000-0000-0000-000000000001', 'João Silva', 'gerente', NULL, true),
  ('v1000000-0000-0000-0000-000000000002', 'd1000000-0000-0000-0000-000000000001', 'Maria Santos', 'gerente', NULL, true);
-- Supervisores
INSERT INTO alwayson_vendedores_distribuidor (id, distribuidor_id, nome, tipo, supervisor_id, ativo) VALUES
  ('v1000000-0000-0000-0000-000000000003', 'd1000000-0000-0000-0000-000000000001', 'Pedro Costa', 'supervisor', 'v1000000-0000-0000-0000-000000000001', true),
  ('v1000000-0000-0000-0000-000000000004', 'd1000000-0000-0000-0000-000000000001', 'Ana Oliveira', 'supervisor', 'v1000000-0000-0000-0000-000000000001', true),
  ('v1000000-0000-0000-0000-000000000005', 'd1000000-0000-0000-0000-000000000001', 'Lucas Ferreira', 'supervisor', 'v1000000-0000-0000-0000-000000000002', true);
-- Vendedores
INSERT INTO alwayson_vendedores_distribuidor (id, distribuidor_id, nome, tipo, supervisor_id, ativo) VALUES
  ('v1000000-0000-0000-0000-000000000006', 'd1000000-0000-0000-0000-000000000001', 'Ricardo Souza', 'vendedor', 'v1000000-0000-0000-0000-000000000003', true),
  ('v1000000-0000-0000-0000-000000000007', 'd1000000-0000-0000-0000-000000000001', 'Camila Araújo', 'vendedor', 'v1000000-0000-0000-0000-000000000003', true),
  ('v1000000-0000-0000-0000-000000000008', 'd1000000-0000-0000-0000-000000000001', 'Felipe Martins', 'vendedor', 'v1000000-0000-0000-0000-000000000004', true),
  ('v1000000-0000-0000-0000-000000000009', 'd1000000-0000-0000-0000-000000000001', 'Juliana Lima', 'vendedor', 'v1000000-0000-0000-0000-000000000004', true),
  ('v1000000-0000-0000-0000-000000000010', 'd1000000-0000-0000-0000-000000000001', 'Bruno Pereira', 'vendedor', 'v1000000-0000-0000-0000-000000000005', true),
  ('v1000000-0000-0000-0000-000000000011', 'd1000000-0000-0000-0000-000000000001', 'Patrícia Gomes', 'vendedor', 'v1000000-0000-0000-0000-000000000005', true);

-- ============================================================
-- VENDEDORES — Distribuidor 2 (Paraíba): sem gerente, só supervisor+vendedor
-- ============================================================
INSERT INTO alwayson_vendedores_distribuidor (id, distribuidor_id, nome, tipo, supervisor_id, ativo) VALUES
  ('v2000000-0000-0000-0000-000000000001', 'd1000000-0000-0000-0000-000000000002', 'Marcos Ribeiro', 'supervisor', NULL, true),
  ('v2000000-0000-0000-0000-000000000002', 'd1000000-0000-0000-0000-000000000002', 'Sandra Vieira', 'supervisor', NULL, true),
  ('v2000000-0000-0000-0000-000000000003', 'd1000000-0000-0000-0000-000000000002', 'Diego Almeida', 'vendedor', 'v2000000-0000-0000-0000-000000000001', true),
  ('v2000000-0000-0000-0000-000000000004', 'd1000000-0000-0000-0000-000000000002', 'Letícia Barros', 'vendedor', 'v2000000-0000-0000-0000-000000000001', true),
  ('v2000000-0000-0000-0000-000000000005', 'd1000000-0000-0000-0000-000000000002', 'Thiago Nunes', 'vendedor', 'v2000000-0000-0000-0000-000000000002', true);

-- ============================================================
-- VENDEDORES — Distribuidor 3 (Potiguar): só vendedores diretos
-- ============================================================
INSERT INTO alwayson_vendedores_distribuidor (id, distribuidor_id, nome, tipo, supervisor_id, ativo) VALUES
  ('v3000000-0000-0000-0000-000000000001', 'd1000000-0000-0000-0000-000000000003', 'Gustavo Pinto', 'vendedor', NULL, true),
  ('v3000000-0000-0000-0000-000000000002', 'd1000000-0000-0000-0000-000000000003', 'Raquel Moreira', 'vendedor', NULL, true),
  ('v3000000-0000-0000-0000-000000000003', 'd1000000-0000-0000-0000-000000000003', 'André Nascimento', 'vendedor', NULL, true);

-- ============================================================
-- CLIENTES — Distribuidor 1 (20 clientes)
-- ============================================================
INSERT INTO alwayson_clientes_distribuidor (id, distribuidor_id, cnpj, razao_social, nome_fantasia, cidade, estado, vendedor_id, plano_excelencia, itens_cadastrados, ultima_compra, frequencia_compra_dias, ticket_medio, status) VALUES
  ('c1000000-0000-0000-0000-000000000001', 'd1000000-0000-0000-0000-000000000001', '11.111.111/0001-01', 'Bar do Zé Comércio Ltda', 'Bar do Zé', 'Recife', 'PE', 'v1000000-0000-0000-0000-000000000006', true, 12, '2026-03-10', 7, 1850.00, 'ativo'),
  ('c1000000-0000-0000-0000-000000000002', 'd1000000-0000-0000-0000-000000000001', '11.111.222/0001-02', 'Supermercado Bom Preço S.A.', 'Bom Preço', 'Recife', 'PE', 'v1000000-0000-0000-0000-000000000006', true, 15, '2026-03-12', 5, 12500.00, 'ativo'),
  ('c1000000-0000-0000-0000-000000000003', 'd1000000-0000-0000-0000-000000000001', '11.111.333/0001-03', 'Restaurante Sabor Nordeste ME', 'Sabor Nordeste', 'Olinda', 'PE', 'v1000000-0000-0000-0000-000000000007', true, 10, '2026-03-08', 10, 3200.00, 'ativo'),
  ('c1000000-0000-0000-0000-000000000004', 'd1000000-0000-0000-0000-000000000001', '11.111.444/0001-04', 'Mercearia Três Irmãos', 'Três Irmãos', 'Jaboatão', 'PE', 'v1000000-0000-0000-0000-000000000007', false, 6, '2026-02-28', 15, 780.00, 'ativo'),
  ('c1000000-0000-0000-0000-000000000005', 'd1000000-0000-0000-0000-000000000001', '11.111.555/0001-05', 'Empório Pernambuco Ltda', 'Empório PE', 'Recife', 'PE', 'v1000000-0000-0000-0000-000000000008', true, 14, '2026-03-11', 7, 5600.00, 'ativo'),
  ('c1000000-0000-0000-0000-000000000006', 'd1000000-0000-0000-0000-000000000001', '11.111.666/0001-06', 'Conveniência 24h Express', '24h Express', 'Recife', 'PE', 'v1000000-0000-0000-0000-000000000008', false, 8, '2026-03-05', 7, 2100.00, 'ativo'),
  ('c1000000-0000-0000-0000-000000000007', 'd1000000-0000-0000-0000-000000000001', '11.111.777/0001-07', 'Distribuidora Boa Vista ME', 'Boa Vista', 'Caruaru', 'PE', 'v1000000-0000-0000-0000-000000000009', true, 11, '2026-03-09', 10, 4300.00, 'ativo'),
  ('c1000000-0000-0000-0000-000000000008', 'd1000000-0000-0000-0000-000000000001', '11.111.888/0001-08', 'Padaria Pão de Açúcar', 'Pão de Açúcar', 'Petrolina', 'PE', 'v1000000-0000-0000-0000-000000000009', false, 5, '2026-01-20', 30, 650.00, 'em_risco'),
  ('c1000000-0000-0000-0000-000000000009', 'd1000000-0000-0000-0000-000000000001', '11.111.999/0001-09', 'Hotel Atlântico Palace', 'Atlântico', 'Recife', 'PE', 'v1000000-0000-0000-0000-000000000010', true, 13, '2026-03-13', 7, 8900.00, 'ativo'),
  ('c1000000-0000-0000-0000-000000000010', 'd1000000-0000-0000-0000-000000000001', '11.112.000/0001-10', 'Casa de Festas Alegria', 'Casa Alegria', 'Olinda', 'PE', 'v1000000-0000-0000-0000-000000000010', false, 7, '2026-03-01', 14, 3400.00, 'ativo'),
  ('c1000000-0000-0000-0000-000000000011', 'd1000000-0000-0000-0000-000000000001', '11.112.111/0001-11', 'Restaurante Maré Alta', 'Maré Alta', 'Recife', 'PE', 'v1000000-0000-0000-0000-000000000011', true, 9, '2026-03-07', 10, 2700.00, 'ativo'),
  ('c1000000-0000-0000-0000-000000000012', 'd1000000-0000-0000-0000-000000000001', '11.112.222/0001-12', 'Lanchonete do Parque ME', 'Lanchonete Parque', 'Garanhuns', 'PE', 'v1000000-0000-0000-0000-000000000011', false, 4, '2025-12-15', 45, 420.00, 'inativo');

-- CLIENTES — Distribuidor 2 (12 clientes)
INSERT INTO alwayson_clientes_distribuidor (id, distribuidor_id, cnpj, razao_social, nome_fantasia, cidade, estado, vendedor_id, plano_excelencia, itens_cadastrados, ultima_compra, frequencia_compra_dias, ticket_medio, status) VALUES
  ('c2000000-0000-0000-0000-000000000001', 'd1000000-0000-0000-0000-000000000002', '22.222.111/0001-01', 'Mercado Central JP Ltda', 'Mercado Central', 'João Pessoa', 'PB', 'v2000000-0000-0000-0000-000000000003', true, 13, '2026-03-11', 7, 9800.00, 'ativo'),
  ('c2000000-0000-0000-0000-000000000002', 'd1000000-0000-0000-0000-000000000002', '22.222.222/0001-02', 'Bar e Restaurante Mangueira', 'Mangueira', 'João Pessoa', 'PB', 'v2000000-0000-0000-0000-000000000003', true, 10, '2026-03-09', 10, 4200.00, 'ativo'),
  ('c2000000-0000-0000-0000-000000000003', 'd1000000-0000-0000-0000-000000000002', '22.222.333/0001-03', 'Atacadão Paraíba', 'Atacadão PB', 'Campina Grande', 'PB', 'v2000000-0000-0000-0000-000000000003', true, 15, '2026-03-13', 5, 18500.00, 'ativo'),
  ('c2000000-0000-0000-0000-000000000004', 'd1000000-0000-0000-0000-000000000002', '22.222.444/0001-04', 'Pousada Praia Azul', 'Praia Azul', 'Cabedelo', 'PB', 'v2000000-0000-0000-0000-000000000004', false, 6, '2026-02-20', 20, 1800.00, 'ativo'),
  ('c2000000-0000-0000-0000-000000000005', 'd1000000-0000-0000-0000-000000000002', '22.222.555/0001-05', 'Pizzaria Forno a Lenha ME', 'Forno a Lenha', 'João Pessoa', 'PB', 'v2000000-0000-0000-0000-000000000004', true, 8, '2026-03-06', 10, 2900.00, 'ativo'),
  ('c2000000-0000-0000-0000-000000000006', 'd1000000-0000-0000-0000-000000000002', '22.222.666/0001-06', 'Supermercado Menor Preço', 'Menor Preço', 'Campina Grande', 'PB', 'v2000000-0000-0000-0000-000000000004', false, 11, '2026-03-10', 7, 7600.00, 'ativo'),
  ('c2000000-0000-0000-0000-000000000007', 'd1000000-0000-0000-0000-000000000002', '22.222.777/0001-07', 'Conveniência Litoral', 'Litoral', 'João Pessoa', 'PB', 'v2000000-0000-0000-0000-000000000005', false, 7, '2026-03-02', 14, 1500.00, 'ativo'),
  ('c2000000-0000-0000-0000-000000000008', 'd1000000-0000-0000-0000-000000000002', '22.222.888/0001-08', 'Churrascaria Fogo Bravo', 'Fogo Bravo', 'Campina Grande', 'PB', 'v2000000-0000-0000-0000-000000000005', true, 9, '2026-03-08', 10, 5100.00, 'ativo');

-- CLIENTES — Distribuidor 3 (8 clientes)
INSERT INTO alwayson_clientes_distribuidor (id, distribuidor_id, cnpj, razao_social, nome_fantasia, cidade, estado, vendedor_id, plano_excelencia, itens_cadastrados, ultima_compra, frequencia_compra_dias, ticket_medio, status) VALUES
  ('c3000000-0000-0000-0000-000000000001', 'd1000000-0000-0000-0000-000000000003', '33.333.111/0001-01', 'Hipermercado Ponta Negra', 'Ponta Negra', 'Natal', 'RN', 'v3000000-0000-0000-0000-000000000001', true, 14, '2026-03-12', 5, 15200.00, 'ativo'),
  ('c3000000-0000-0000-0000-000000000002', 'd1000000-0000-0000-0000-000000000003', '33.333.222/0001-02', 'Bar do Caju Ltda', 'Bar do Caju', 'Natal', 'RN', 'v3000000-0000-0000-0000-000000000001', true, 8, '2026-03-10', 10, 2800.00, 'ativo'),
  ('c3000000-0000-0000-0000-000000000003', 'd1000000-0000-0000-0000-000000000003', '33.333.333/0001-03', 'Restaurante Camarão & Cia', 'Camarão & Cia', 'Natal', 'RN', 'v3000000-0000-0000-0000-000000000002', true, 11, '2026-03-09', 7, 6300.00, 'ativo'),
  ('c3000000-0000-0000-0000-000000000004', 'd1000000-0000-0000-0000-000000000003', '33.333.444/0001-04', 'Mercearia Sol Nascente', 'Sol Nascente', 'Parnamirim', 'RN', 'v3000000-0000-0000-0000-000000000002', false, 5, '2026-02-25', 20, 900.00, 'ativo'),
  ('c3000000-0000-0000-0000-000000000005', 'd1000000-0000-0000-0000-000000000003', '33.333.555/0001-05', 'Resort Praia do Forte', 'Praia do Forte', 'Natal', 'RN', 'v3000000-0000-0000-0000-000000000003', true, 12, '2026-03-13', 7, 11000.00, 'ativo'),
  ('c3000000-0000-0000-0000-000000000006', 'd1000000-0000-0000-0000-000000000003', '33.333.666/0001-06', 'Padaria Estrela do Mar', 'Estrela do Mar', 'Mossoró', 'RN', 'v3000000-0000-0000-0000-000000000003', false, 4, '2026-01-15', 40, 380.00, 'em_risco');

-- ============================================================
-- PERFORMANCE — últimos 3 meses (Jan, Fev, Mar 2026) para todos vendedores
-- ============================================================
-- Distribuidor 1 — vendedores
INSERT INTO alwayson_performance_periodo (distribuidor_id, vendedor_id, periodo_inicio, periodo_fim, faturamento, clientes_positivados, total_clientes_carteira, itens_vendidos, pedidos_realizados) VALUES
  -- Ricardo Souza (vendedor, supervisor Pedro, gerente João)
  ('d1000000-0000-0000-0000-000000000001', 'v1000000-0000-0000-0000-000000000006', '2026-01-01', '2026-01-31', 42000, 8, 10, 320, 45),
  ('d1000000-0000-0000-0000-000000000001', 'v1000000-0000-0000-0000-000000000006', '2026-02-01', '2026-02-28', 48500, 9, 10, 380, 52),
  ('d1000000-0000-0000-0000-000000000001', 'v1000000-0000-0000-0000-000000000006', '2026-03-01', '2026-03-31', 51200, 10, 10, 410, 58),
  -- Camila Araújo
  ('d1000000-0000-0000-0000-000000000001', 'v1000000-0000-0000-0000-000000000007', '2026-01-01', '2026-01-31', 35000, 7, 9, 260, 38),
  ('d1000000-0000-0000-0000-000000000001', 'v1000000-0000-0000-0000-000000000007', '2026-02-01', '2026-02-28', 38200, 8, 9, 290, 42),
  ('d1000000-0000-0000-0000-000000000001', 'v1000000-0000-0000-0000-000000000007', '2026-03-01', '2026-03-31', 41000, 8, 9, 310, 46),
  -- Felipe Martins
  ('d1000000-0000-0000-0000-000000000001', 'v1000000-0000-0000-0000-000000000008', '2026-01-01', '2026-01-31', 55000, 10, 12, 420, 60),
  ('d1000000-0000-0000-0000-000000000001', 'v1000000-0000-0000-0000-000000000008', '2026-02-01', '2026-02-28', 58000, 11, 12, 450, 65),
  ('d1000000-0000-0000-0000-000000000001', 'v1000000-0000-0000-0000-000000000008', '2026-03-01', '2026-03-31', 62000, 11, 12, 490, 70),
  -- Juliana Lima
  ('d1000000-0000-0000-0000-000000000001', 'v1000000-0000-0000-0000-000000000009', '2026-01-01', '2026-01-31', 29000, 6, 8, 210, 30),
  ('d1000000-0000-0000-0000-000000000001', 'v1000000-0000-0000-0000-000000000009', '2026-02-01', '2026-02-28', 31500, 7, 8, 240, 34),
  ('d1000000-0000-0000-0000-000000000001', 'v1000000-0000-0000-0000-000000000009', '2026-03-01', '2026-03-31', 33000, 7, 8, 255, 36),
  -- Bruno Pereira
  ('d1000000-0000-0000-0000-000000000001', 'v1000000-0000-0000-0000-000000000010', '2026-01-01', '2026-01-31', 68000, 12, 14, 520, 75),
  ('d1000000-0000-0000-0000-000000000001', 'v1000000-0000-0000-0000-000000000010', '2026-02-01', '2026-02-28', 72000, 13, 14, 560, 80),
  ('d1000000-0000-0000-0000-000000000001', 'v1000000-0000-0000-0000-000000000010', '2026-03-01', '2026-03-31', 75000, 13, 14, 590, 84),
  -- Patrícia Gomes
  ('d1000000-0000-0000-0000-000000000001', 'v1000000-0000-0000-0000-000000000011', '2026-01-01', '2026-01-31', 22000, 5, 7, 170, 24),
  ('d1000000-0000-0000-0000-000000000001', 'v1000000-0000-0000-0000-000000000011', '2026-02-01', '2026-02-28', 24000, 5, 7, 185, 26),
  ('d1000000-0000-0000-0000-000000000001', 'v1000000-0000-0000-0000-000000000011', '2026-03-01', '2026-03-31', 26500, 6, 7, 200, 29);

-- Distribuidor 2 — vendedores
INSERT INTO alwayson_performance_periodo (distribuidor_id, vendedor_id, periodo_inicio, periodo_fim, faturamento, clientes_positivados, total_clientes_carteira, itens_vendidos, pedidos_realizados) VALUES
  ('d1000000-0000-0000-0000-000000000002', 'v2000000-0000-0000-0000-000000000003', '2026-01-01', '2026-01-31', 58000, 9, 11, 440, 62),
  ('d1000000-0000-0000-0000-000000000002', 'v2000000-0000-0000-0000-000000000003', '2026-02-01', '2026-02-28', 63000, 10, 11, 480, 68),
  ('d1000000-0000-0000-0000-000000000002', 'v2000000-0000-0000-0000-000000000003', '2026-03-01', '2026-03-31', 67000, 10, 11, 510, 72),
  ('d1000000-0000-0000-0000-000000000002', 'v2000000-0000-0000-0000-000000000004', '2026-01-01', '2026-01-31', 38000, 7, 9, 290, 40),
  ('d1000000-0000-0000-0000-000000000002', 'v2000000-0000-0000-0000-000000000004', '2026-02-01', '2026-02-28', 41000, 8, 9, 315, 44),
  ('d1000000-0000-0000-0000-000000000002', 'v2000000-0000-0000-0000-000000000004', '2026-03-01', '2026-03-31', 44000, 8, 9, 340, 48),
  ('d1000000-0000-0000-0000-000000000002', 'v2000000-0000-0000-0000-000000000005', '2026-01-01', '2026-01-31', 25000, 5, 7, 190, 27),
  ('d1000000-0000-0000-0000-000000000002', 'v2000000-0000-0000-0000-000000000005', '2026-02-01', '2026-02-28', 27500, 6, 7, 210, 30),
  ('d1000000-0000-0000-0000-000000000002', 'v2000000-0000-0000-0000-000000000005', '2026-03-01', '2026-03-31', 30000, 6, 7, 230, 33);

-- Distribuidor 3 — vendedores
INSERT INTO alwayson_performance_periodo (distribuidor_id, vendedor_id, periodo_inicio, periodo_fim, faturamento, clientes_positivados, total_clientes_carteira, itens_vendidos, pedidos_realizados) VALUES
  ('d1000000-0000-0000-0000-000000000003', 'v3000000-0000-0000-0000-000000000001', '2026-01-01', '2026-01-31', 45000, 8, 10, 350, 50),
  ('d1000000-0000-0000-0000-000000000003', 'v3000000-0000-0000-0000-000000000001', '2026-02-01', '2026-02-28', 49000, 9, 10, 380, 54),
  ('d1000000-0000-0000-0000-000000000003', 'v3000000-0000-0000-0000-000000000001', '2026-03-01', '2026-03-31', 52000, 9, 10, 400, 57),
  ('d1000000-0000-0000-0000-000000000003', 'v3000000-0000-0000-0000-000000000002', '2026-01-01', '2026-01-31', 36000, 7, 8, 275, 39),
  ('d1000000-0000-0000-0000-000000000003', 'v3000000-0000-0000-0000-000000000002', '2026-02-01', '2026-02-28', 39000, 7, 8, 300, 42),
  ('d1000000-0000-0000-0000-000000000003', 'v3000000-0000-0000-0000-000000000002', '2026-03-01', '2026-03-31', 42000, 8, 8, 325, 46),
  ('d1000000-0000-0000-0000-000000000003', 'v3000000-0000-0000-0000-000000000003', '2026-01-01', '2026-01-31', 31000, 6, 7, 240, 34),
  ('d1000000-0000-0000-0000-000000000003', 'v3000000-0000-0000-0000-000000000003', '2026-02-01', '2026-02-28', 33000, 6, 7, 255, 36),
  ('d1000000-0000-0000-0000-000000000003', 'v3000000-0000-0000-0000-000000000003', '2026-03-01', '2026-03-31', 35500, 7, 7, 275, 39);

-- ============================================================
-- METAS — por hierarquia para cada distribuidor
-- ============================================================
INSERT INTO alwayson_metas_distribuidor (distribuidor_id, vendedor_id, hierarquia, tipo, periodo_inicio, periodo_fim, valor_meta, valor_realizado, percentual_atingimento) VALUES
  -- Metas de distribuidor
  ('d1000000-0000-0000-0000-000000000001', NULL, 'distribuidor', 'faturamento', '2026-03-01', '2026-03-31', 300000, 288700, 96.2),
  ('d1000000-0000-0000-0000-000000000001', NULL, 'distribuidor', 'positivacao', '2026-03-01', '2026-03-31', 85, 91.7, 107.9),
  ('d1000000-0000-0000-0000-000000000002', NULL, 'distribuidor', 'faturamento', '2026-03-01', '2026-03-31', 150000, 141000, 94.0),
  ('d1000000-0000-0000-0000-000000000003', NULL, 'distribuidor', 'faturamento', '2026-03-01', '2026-03-31', 140000, 129500, 92.5),
  -- Metas de gerente (Distribuidor 1)
  ('d1000000-0000-0000-0000-000000000001', 'v1000000-0000-0000-0000-000000000001', 'gerente', 'faturamento', '2026-03-01', '2026-03-31', 200000, 187200, 93.6),
  ('d1000000-0000-0000-0000-000000000001', 'v1000000-0000-0000-0000-000000000002', 'gerente', 'faturamento', '2026-03-01', '2026-03-31', 110000, 101500, 92.3),
  -- Metas de supervisor
  ('d1000000-0000-0000-0000-000000000001', 'v1000000-0000-0000-0000-000000000003', 'supervisor', 'faturamento', '2026-03-01', '2026-03-31', 100000, 92200, 92.2),
  ('d1000000-0000-0000-0000-000000000001', 'v1000000-0000-0000-0000-000000000004', 'supervisor', 'faturamento', '2026-03-01', '2026-03-31', 100000, 95000, 95.0),
  ('d1000000-0000-0000-0000-000000000001', 'v1000000-0000-0000-0000-000000000005', 'supervisor', 'faturamento', '2026-03-01', '2026-03-31', 110000, 101500, 92.3),
  -- Metas de vendedor (amostra)
  ('d1000000-0000-0000-0000-000000000001', 'v1000000-0000-0000-0000-000000000006', 'vendedor', 'faturamento', '2026-03-01', '2026-03-31', 55000, 51200, 93.1),
  ('d1000000-0000-0000-0000-000000000001', 'v1000000-0000-0000-0000-000000000010', 'vendedor', 'faturamento', '2026-03-01', '2026-03-31', 70000, 75000, 107.1),
  ('d1000000-0000-0000-0000-000000000002', 'v2000000-0000-0000-0000-000000000003', 'vendedor', 'faturamento', '2026-03-01', '2026-03-31', 70000, 67000, 95.7),
  ('d1000000-0000-0000-0000-000000000003', 'v3000000-0000-0000-0000-000000000001', 'vendedor', 'faturamento', '2026-03-01', '2026-03-31', 55000, 52000, 94.5);

-- ============================================================
-- ESTOQUE — 15 SKUs por distribuidor
-- ============================================================
INSERT INTO alwayson_estoque_distribuidor (distribuidor_id, sku, descricao, quantidade_atual, quantidade_minima, estoque_minimo_calculado, dias_cobertura, status, ultima_atualizacao, sugestao_pedido) VALUES
  ('d1000000-0000-0000-0000-000000000001', 'AO-001', 'Cerveja Premium Lager 350ml', 1200, 500, 480, 18, 'saudavel', '2026-03-14', NULL),
  ('d1000000-0000-0000-0000-000000000001', 'AO-002', 'Cerveja Premium Lager 600ml', 300, 200, 220, 10, 'saudavel', '2026-03-14', NULL),
  ('d1000000-0000-0000-0000-000000000001', 'AO-003', 'Cerveja IPA Artesanal 350ml', 80, 150, 140, 4, 'critico', '2026-03-14', 200),
  ('d1000000-0000-0000-0000-000000000001', 'AO-004', 'Cerveja Pilsen Clássica 350ml', 2500, 800, 750, 25, 'saudavel', '2026-03-14', NULL),
  ('d1000000-0000-0000-0000-000000000001', 'AO-005', 'Cerveja Pilsen Clássica 1L', 150, 100, 110, 9, 'saudavel', '2026-03-14', NULL),
  ('d1000000-0000-0000-0000-000000000001', 'AO-006', 'Refrigerante Cola 350ml', 1800, 600, 580, 22, 'saudavel', '2026-03-14', NULL),
  ('d1000000-0000-0000-0000-000000000001', 'AO-007', 'Refrigerante Cola 2L', 50, 100, 90, 3, 'critico', '2026-03-14', 150),
  ('d1000000-0000-0000-0000-000000000001', 'AO-008', 'Refrigerante Guaraná 350ml', 900, 400, 380, 17, 'saudavel', '2026-03-14', NULL),
  ('d1000000-0000-0000-0000-000000000001', 'AO-010', 'Água Mineral 500ml', 3500, 300, 320, 80, 'overstock', '2026-03-14', NULL),
  ('d1000000-0000-0000-0000-000000000001', 'AO-012', 'Energético Power 250ml', 200, 100, 95, 15, 'saudavel', '2026-03-14', NULL),
  ('d1000000-0000-0000-0000-000000000002', 'AO-001', 'Cerveja Premium Lager 350ml', 800, 400, 420, 14, 'saudavel', '2026-03-14', NULL),
  ('d1000000-0000-0000-0000-000000000002', 'AO-004', 'Cerveja Pilsen Clássica 350ml', 60, 300, 280, 2, 'critico', '2026-03-14', 500),
  ('d1000000-0000-0000-0000-000000000002', 'AO-006', 'Refrigerante Cola 350ml', 1100, 350, 340, 23, 'saudavel', '2026-03-14', NULL),
  ('d1000000-0000-0000-0000-000000000002', 'AO-010', 'Água Mineral 500ml', 2800, 200, 210, 95, 'overstock', '2026-03-14', NULL),
  ('d1000000-0000-0000-0000-000000000003', 'AO-001', 'Cerveja Premium Lager 350ml', 600, 300, 310, 14, 'saudavel', '2026-03-14', NULL),
  ('d1000000-0000-0000-0000-000000000003', 'AO-006', 'Refrigerante Cola 350ml', 40, 200, 190, 1, 'critico', '2026-03-14', 350),
  ('d1000000-0000-0000-0000-000000000003', 'AO-012', 'Energético Power 250ml', 500, 50, 60, 65, 'overstock', '2026-03-14', NULL);

-- ============================================================
-- EXCELÊNCIA — Configuração de critérios por distribuidor
-- ============================================================
INSERT INTO alwayson_excelencia_config (distribuidor_id, criterio_nome, meta_valor, tipo_comparacao, ativo, ordem) VALUES
  ('d1000000-0000-0000-0000-000000000001', 'Frequência', 4, 'min', true, 1),
  ('d1000000-0000-0000-0000-000000000001', 'Mix (Itens)', 10, 'min', true, 2),
  ('d1000000-0000-0000-0000-000000000001', 'Volume (R$)', 3000, 'min', true, 3),
  ('d1000000-0000-0000-0000-000000000001', 'Itens Cadastrados', 10, 'min', true, 4),
  ('d1000000-0000-0000-0000-000000000002', 'Frequência', 4, 'min', true, 1),
  ('d1000000-0000-0000-0000-000000000002', 'Mix (Itens)', 8, 'min', true, 2),
  ('d1000000-0000-0000-0000-000000000002', 'Volume (R$)', 4000, 'min', true, 3),
  ('d1000000-0000-0000-0000-000000000003', 'Frequência', 4, 'min', true, 1),
  ('d1000000-0000-0000-0000-000000000003', 'Mix (Itens)', 8, 'min', true, 2),
  ('d1000000-0000-0000-0000-000000000003', 'Volume (R$)', 5000, 'min', true, 3);

-- EXCELÊNCIA — Clientes elegíveis
INSERT INTO alwayson_excelencia_clientes (distribuidor_id, cliente_id) VALUES
  ('d1000000-0000-0000-0000-000000000001', 'c1000000-0000-0000-0000-000000000001'),
  ('d1000000-0000-0000-0000-000000000001', 'c1000000-0000-0000-0000-000000000002'),
  ('d1000000-0000-0000-0000-000000000001', 'c1000000-0000-0000-0000-000000000003'),
  ('d1000000-0000-0000-0000-000000000001', 'c1000000-0000-0000-0000-000000000005'),
  ('d1000000-0000-0000-0000-000000000001', 'c1000000-0000-0000-0000-000000000007'),
  ('d1000000-0000-0000-0000-000000000001', 'c1000000-0000-0000-0000-000000000009'),
  ('d1000000-0000-0000-0000-000000000001', 'c1000000-0000-0000-0000-000000000011'),
  ('d1000000-0000-0000-0000-000000000002', 'c2000000-0000-0000-0000-000000000001'),
  ('d1000000-0000-0000-0000-000000000002', 'c2000000-0000-0000-0000-000000000002'),
  ('d1000000-0000-0000-0000-000000000002', 'c2000000-0000-0000-0000-000000000003'),
  ('d1000000-0000-0000-0000-000000000002', 'c2000000-0000-0000-0000-000000000005'),
  ('d1000000-0000-0000-0000-000000000002', 'c2000000-0000-0000-0000-000000000008'),
  ('d1000000-0000-0000-0000-000000000003', 'c3000000-0000-0000-0000-000000000001'),
  ('d1000000-0000-0000-0000-000000000003', 'c3000000-0000-0000-0000-000000000002'),
  ('d1000000-0000-0000-0000-000000000003', 'c3000000-0000-0000-0000-000000000003'),
  ('d1000000-0000-0000-0000-000000000003', 'c3000000-0000-0000-0000-000000000005');

-- ============================================================
-- FATURAMENTO — Notas fiscais dos últimos 6 meses para clientes do Dist 1
-- ============================================================
-- Cliente: Bar do Zé (c1..001) — comprador frequente
INSERT INTO alwayson_faturamento (id, distribuidor_id, cliente_id, vendedor_id, numero_nf, data_emissao, valor_total) VALUES
  ('f1000000-0000-0000-0000-000000000001', 'd1000000-0000-0000-0000-000000000001', 'c1000000-0000-0000-0000-000000000001', 'v1000000-0000-0000-0000-000000000006', 'NF-2026-001', '2026-01-05', 1650.00),
  ('f1000000-0000-0000-0000-000000000002', 'd1000000-0000-0000-0000-000000000001', 'c1000000-0000-0000-0000-000000000001', 'v1000000-0000-0000-0000-000000000006', 'NF-2026-015', '2026-01-15', 1820.00),
  ('f1000000-0000-0000-0000-000000000003', 'd1000000-0000-0000-0000-000000000001', 'c1000000-0000-0000-0000-000000000001', 'v1000000-0000-0000-0000-000000000006', 'NF-2026-030', '2026-01-28', 1540.00),
  ('f1000000-0000-0000-0000-000000000004', 'd1000000-0000-0000-0000-000000000001', 'c1000000-0000-0000-0000-000000000001', 'v1000000-0000-0000-0000-000000000006', 'NF-2026-045', '2026-02-08', 1900.00),
  ('f1000000-0000-0000-0000-000000000005', 'd1000000-0000-0000-0000-000000000001', 'c1000000-0000-0000-0000-000000000001', 'v1000000-0000-0000-0000-000000000006', 'NF-2026-060', '2026-02-20', 2100.00),
  ('f1000000-0000-0000-0000-000000000006', 'd1000000-0000-0000-0000-000000000001', 'c1000000-0000-0000-0000-000000000001', 'v1000000-0000-0000-0000-000000000006', 'NF-2026-075', '2026-03-03', 1750.00),
  ('f1000000-0000-0000-0000-000000000007', 'd1000000-0000-0000-0000-000000000001', 'c1000000-0000-0000-0000-000000000001', 'v1000000-0000-0000-0000-000000000006', 'NF-2026-090', '2026-03-10', 1980.00);

-- Cliente: Supermercado Bom Preço (c1..002) — grande volume
INSERT INTO alwayson_faturamento (id, distribuidor_id, cliente_id, vendedor_id, numero_nf, data_emissao, valor_total) VALUES
  ('f1000000-0000-0000-0000-000000000010', 'd1000000-0000-0000-0000-000000000001', 'c1000000-0000-0000-0000-000000000002', 'v1000000-0000-0000-0000-000000000006', 'NF-2026-002', '2026-01-03', 11500.00),
  ('f1000000-0000-0000-0000-000000000011', 'd1000000-0000-0000-0000-000000000001', 'c1000000-0000-0000-0000-000000000002', 'v1000000-0000-0000-0000-000000000006', 'NF-2026-020', '2026-01-18', 13200.00),
  ('f1000000-0000-0000-0000-000000000012', 'd1000000-0000-0000-0000-000000000001', 'c1000000-0000-0000-0000-000000000002', 'v1000000-0000-0000-0000-000000000006', 'NF-2026-040', '2026-02-05', 12800.00),
  ('f1000000-0000-0000-0000-000000000013', 'd1000000-0000-0000-0000-000000000001', 'c1000000-0000-0000-0000-000000000002', 'v1000000-0000-0000-0000-000000000006', 'NF-2026-055', '2026-02-18', 14100.00),
  ('f1000000-0000-0000-0000-000000000014', 'd1000000-0000-0000-0000-000000000001', 'c1000000-0000-0000-0000-000000000002', 'v1000000-0000-0000-0000-000000000006', 'NF-2026-070', '2026-03-04', 12500.00),
  ('f1000000-0000-0000-0000-000000000015', 'd1000000-0000-0000-0000-000000000001', 'c1000000-0000-0000-0000-000000000002', 'v1000000-0000-0000-0000-000000000006', 'NF-2026-085', '2026-03-12', 13800.00);

-- Cliente: Empório PE (c1..005)
INSERT INTO alwayson_faturamento (id, distribuidor_id, cliente_id, vendedor_id, numero_nf, data_emissao, valor_total) VALUES
  ('f1000000-0000-0000-0000-000000000020', 'd1000000-0000-0000-0000-000000000001', 'c1000000-0000-0000-0000-000000000005', 'v1000000-0000-0000-0000-000000000008', 'NF-2026-003', '2026-01-07', 5200.00),
  ('f1000000-0000-0000-0000-000000000021', 'd1000000-0000-0000-0000-000000000001', 'c1000000-0000-0000-0000-000000000005', 'v1000000-0000-0000-0000-000000000008', 'NF-2026-025', '2026-01-22', 5800.00),
  ('f1000000-0000-0000-0000-000000000022', 'd1000000-0000-0000-0000-000000000001', 'c1000000-0000-0000-0000-000000000005', 'v1000000-0000-0000-0000-000000000008', 'NF-2026-050', '2026-02-12', 6100.00),
  ('f1000000-0000-0000-0000-000000000023', 'd1000000-0000-0000-0000-000000000001', 'c1000000-0000-0000-0000-000000000005', 'v1000000-0000-0000-0000-000000000008', 'NF-2026-065', '2026-02-26', 5500.00),
  ('f1000000-0000-0000-0000-000000000024', 'd1000000-0000-0000-0000-000000000001', 'c1000000-0000-0000-0000-000000000005', 'v1000000-0000-0000-0000-000000000008', 'NF-2026-080', '2026-03-11', 6400.00);

-- Cliente: Hotel Atlântico (c1..009) — alto ticket
INSERT INTO alwayson_faturamento (id, distribuidor_id, cliente_id, vendedor_id, numero_nf, data_emissao, valor_total) VALUES
  ('f1000000-0000-0000-0000-000000000030', 'd1000000-0000-0000-0000-000000000001', 'c1000000-0000-0000-0000-000000000009', 'v1000000-0000-0000-0000-000000000010', 'NF-2026-004', '2026-01-10', 8500.00),
  ('f1000000-0000-0000-0000-000000000031', 'd1000000-0000-0000-0000-000000000001', 'c1000000-0000-0000-0000-000000000009', 'v1000000-0000-0000-0000-000000000010', 'NF-2026-035', '2026-02-03', 9200.00),
  ('f1000000-0000-0000-0000-000000000032', 'd1000000-0000-0000-0000-000000000001', 'c1000000-0000-0000-0000-000000000009', 'v1000000-0000-0000-0000-000000000010', 'NF-2026-068', '2026-03-01', 8800.00),
  ('f1000000-0000-0000-0000-000000000033', 'd1000000-0000-0000-0000-000000000001', 'c1000000-0000-0000-0000-000000000009', 'v1000000-0000-0000-0000-000000000010', 'NF-2026-092', '2026-03-13', 9500.00);

-- Clientes Dist 2: Atacadão PB (c2..003) — maior volume
INSERT INTO alwayson_faturamento (id, distribuidor_id, cliente_id, vendedor_id, numero_nf, data_emissao, valor_total) VALUES
  ('f2000000-0000-0000-0000-000000000001', 'd1000000-0000-0000-0000-000000000002', 'c2000000-0000-0000-0000-000000000003', 'v2000000-0000-0000-0000-000000000003', 'NF-PB-001', '2026-01-05', 17500.00),
  ('f2000000-0000-0000-0000-000000000002', 'd1000000-0000-0000-0000-000000000002', 'c2000000-0000-0000-0000-000000000003', 'v2000000-0000-0000-0000-000000000003', 'NF-PB-010', '2026-01-20', 19200.00),
  ('f2000000-0000-0000-0000-000000000003', 'd1000000-0000-0000-0000-000000000002', 'c2000000-0000-0000-0000-000000000003', 'v2000000-0000-0000-0000-000000000003', 'NF-PB-020', '2026-02-08', 18000.00),
  ('f2000000-0000-0000-0000-000000000004', 'd1000000-0000-0000-0000-000000000002', 'c2000000-0000-0000-0000-000000000003', 'v2000000-0000-0000-0000-000000000003', 'NF-PB-030', '2026-02-22', 20100.00),
  ('f2000000-0000-0000-0000-000000000005', 'd1000000-0000-0000-0000-000000000002', 'c2000000-0000-0000-0000-000000000003', 'v2000000-0000-0000-0000-000000000003', 'NF-PB-040', '2026-03-07', 18800.00),
  ('f2000000-0000-0000-0000-000000000006', 'd1000000-0000-0000-0000-000000000002', 'c2000000-0000-0000-0000-000000000003', 'v2000000-0000-0000-0000-000000000003', 'NF-PB-050', '2026-03-13', 19500.00);

-- Clientes Dist 3: Hipermercado Ponta Negra (c3..001)
INSERT INTO alwayson_faturamento (id, distribuidor_id, cliente_id, vendedor_id, numero_nf, data_emissao, valor_total) VALUES
  ('f3000000-0000-0000-0000-000000000001', 'd1000000-0000-0000-0000-000000000003', 'c3000000-0000-0000-0000-000000000001', 'v3000000-0000-0000-0000-000000000001', 'NF-RN-001', '2026-01-04', 14800.00),
  ('f3000000-0000-0000-0000-000000000002', 'd1000000-0000-0000-0000-000000000003', 'c3000000-0000-0000-0000-000000000001', 'v3000000-0000-0000-0000-000000000001', 'NF-RN-012', '2026-01-18', 15500.00),
  ('f3000000-0000-0000-0000-000000000003', 'd1000000-0000-0000-0000-000000000003', 'c3000000-0000-0000-0000-000000000001', 'v3000000-0000-0000-0000-000000000001', 'NF-RN-025', '2026-02-06', 16200.00),
  ('f3000000-0000-0000-0000-000000000004', 'd1000000-0000-0000-0000-000000000003', 'c3000000-0000-0000-0000-000000000001', 'v3000000-0000-0000-0000-000000000001', 'NF-RN-038', '2026-02-21', 14900.00),
  ('f3000000-0000-0000-0000-000000000005', 'd1000000-0000-0000-0000-000000000003', 'c3000000-0000-0000-0000-000000000001', 'v3000000-0000-0000-0000-000000000001', 'NF-RN-050', '2026-03-05', 15800.00),
  ('f3000000-0000-0000-0000-000000000006', 'd1000000-0000-0000-0000-000000000003', 'c3000000-0000-0000-0000-000000000001', 'v3000000-0000-0000-0000-000000000001', 'NF-RN-060', '2026-03-12', 16500.00);

-- ============================================================
-- FATURAMENTO ITENS — itens para algumas NFs acima
-- ============================================================
-- Bar do Zé — NF-2026-090 (última NF)
INSERT INTO alwayson_faturamento_itens (faturamento_id, produto_id, sku, descricao, quantidade, valor_unitario, valor_total) VALUES
  ('f1000000-0000-0000-0000-000000000007', 'p1000000-0000-0000-0000-000000000001', 'AO-001', 'Cerveja Premium Lager 350ml', 120, 4.50, 540.00),
  ('f1000000-0000-0000-0000-000000000007', 'p1000000-0000-0000-0000-000000000004', 'AO-004', 'Cerveja Pilsen Clássica 350ml', 200, 3.20, 640.00),
  ('f1000000-0000-0000-0000-000000000007', 'p1000000-0000-0000-0000-000000000006', 'AO-006', 'Refrigerante Cola 350ml', 80, 3.00, 240.00),
  ('f1000000-0000-0000-0000-000000000007', 'p1000000-0000-0000-0000-000000000008', 'AO-008', 'Refrigerante Guaraná 350ml', 60, 2.80, 168.00),
  ('f1000000-0000-0000-0000-000000000007', 'p1000000-0000-0000-0000-000000000010', 'AO-010', 'Água Mineral 500ml', 100, 1.50, 150.00),
  ('f1000000-0000-0000-0000-000000000007', 'p1000000-0000-0000-0000-000000000012', 'AO-012', 'Energético Power 250ml', 32, 6.90, 220.80);

-- Supermercado Bom Preço — NF-2026-085
INSERT INTO alwayson_faturamento_itens (faturamento_id, produto_id, sku, descricao, quantidade, valor_unitario, valor_total) VALUES
  ('f1000000-0000-0000-0000-000000000015', 'p1000000-0000-0000-0000-000000000001', 'AO-001', 'Cerveja Premium Lager 350ml', 500, 4.50, 2250.00),
  ('f1000000-0000-0000-0000-000000000015', 'p1000000-0000-0000-0000-000000000002', 'AO-002', 'Cerveja Premium Lager 600ml', 200, 8.90, 1780.00),
  ('f1000000-0000-0000-0000-000000000015', 'p1000000-0000-0000-0000-000000000004', 'AO-004', 'Cerveja Pilsen Clássica 350ml', 800, 3.20, 2560.00),
  ('f1000000-0000-0000-0000-000000000015', 'p1000000-0000-0000-0000-000000000005', 'AO-005', 'Cerveja Pilsen Clássica 1L', 150, 7.80, 1170.00),
  ('f1000000-0000-0000-0000-000000000015', 'p1000000-0000-0000-0000-000000000006', 'AO-006', 'Refrigerante Cola 350ml', 400, 3.00, 1200.00),
  ('f1000000-0000-0000-0000-000000000015', 'p1000000-0000-0000-0000-000000000007', 'AO-007', 'Refrigerante Cola 2L', 100, 8.50, 850.00),
  ('f1000000-0000-0000-0000-000000000015', 'p1000000-0000-0000-0000-000000000008', 'AO-008', 'Refrigerante Guaraná 350ml', 300, 2.80, 840.00),
  ('f1000000-0000-0000-0000-000000000015', 'p1000000-0000-0000-0000-000000000009', 'AO-009', 'Refrigerante Guaraná 2L', 80, 7.90, 632.00),
  ('f1000000-0000-0000-0000-000000000015', 'p1000000-0000-0000-0000-000000000010', 'AO-010', 'Água Mineral 500ml', 600, 1.50, 900.00),
  ('f1000000-0000-0000-0000-000000000015', 'p1000000-0000-0000-0000-000000000012', 'AO-012', 'Energético Power 250ml', 90, 6.90, 621.00);

-- Hotel Atlântico — NF-2026-092
INSERT INTO alwayson_faturamento_itens (faturamento_id, produto_id, sku, descricao, quantidade, valor_unitario, valor_total) VALUES
  ('f1000000-0000-0000-0000-000000000033', 'p1000000-0000-0000-0000-000000000001', 'AO-001', 'Cerveja Premium Lager 350ml', 300, 4.50, 1350.00),
  ('f1000000-0000-0000-0000-000000000033', 'p1000000-0000-0000-0000-000000000002', 'AO-002', 'Cerveja Premium Lager 600ml', 150, 8.90, 1335.00),
  ('f1000000-0000-0000-0000-000000000033', 'p1000000-0000-0000-0000-000000000003', 'AO-003', 'Cerveja IPA Artesanal 350ml', 100, 7.50, 750.00),
  ('f1000000-0000-0000-0000-000000000033', 'p1000000-0000-0000-0000-000000000006', 'AO-006', 'Refrigerante Cola 350ml', 200, 3.00, 600.00),
  ('f1000000-0000-0000-0000-000000000033', 'p1000000-0000-0000-0000-000000000010', 'AO-010', 'Água Mineral 500ml', 500, 1.50, 750.00),
  ('f1000000-0000-0000-0000-000000000033', 'p1000000-0000-0000-0000-000000000011', 'AO-011', 'Água Mineral 1.5L', 200, 3.20, 640.00),
  ('f1000000-0000-0000-0000-000000000033', 'p1000000-0000-0000-0000-000000000012', 'AO-012', 'Energético Power 250ml', 80, 6.90, 552.00),
  ('f1000000-0000-0000-0000-000000000033', 'p1000000-0000-0000-0000-000000000013', 'AO-013', 'Suco Natural Laranja 1L', 120, 9.50, 1140.00),
  ('f1000000-0000-0000-0000-000000000033', 'p1000000-0000-0000-0000-000000000014', 'AO-014', 'Suco Natural Uva 1L', 80, 10.20, 816.00),
  ('f1000000-0000-0000-0000-000000000033', 'p1000000-0000-0000-0000-000000000015', 'AO-015', 'Isotônico Sport 500ml', 100, 5.40, 540.00);

-- Atacadão PB — NF-PB-050
INSERT INTO alwayson_faturamento_itens (faturamento_id, produto_id, sku, descricao, quantidade, valor_unitario, valor_total) VALUES
  ('f2000000-0000-0000-0000-000000000006', 'p1000000-0000-0000-0000-000000000001', 'AO-001', 'Cerveja Premium Lager 350ml', 800, 4.50, 3600.00),
  ('f2000000-0000-0000-0000-000000000006', 'p1000000-0000-0000-0000-000000000004', 'AO-004', 'Cerveja Pilsen Clássica 350ml', 1200, 3.20, 3840.00),
  ('f2000000-0000-0000-0000-000000000006', 'p1000000-0000-0000-0000-000000000005', 'AO-005', 'Cerveja Pilsen Clássica 1L', 300, 7.80, 2340.00),
  ('f2000000-0000-0000-0000-000000000006', 'p1000000-0000-0000-0000-000000000006', 'AO-006', 'Refrigerante Cola 350ml', 600, 3.00, 1800.00),
  ('f2000000-0000-0000-0000-000000000006', 'p1000000-0000-0000-0000-000000000007', 'AO-007', 'Refrigerante Cola 2L', 200, 8.50, 1700.00),
  ('f2000000-0000-0000-0000-000000000006', 'p1000000-0000-0000-0000-000000000008', 'AO-008', 'Refrigerante Guaraná 350ml', 500, 2.80, 1400.00),
  ('f2000000-0000-0000-0000-000000000006', 'p1000000-0000-0000-0000-000000000010', 'AO-010', 'Água Mineral 500ml', 1000, 1.50, 1500.00),
  ('f2000000-0000-0000-0000-000000000006', 'p1000000-0000-0000-0000-000000000012', 'AO-012', 'Energético Power 250ml', 200, 6.90, 1380.00),
  ('f2000000-0000-0000-0000-000000000006', 'p1000000-0000-0000-0000-000000000013', 'AO-013', 'Suco Natural Laranja 1L', 100, 9.50, 950.00),
  ('f2000000-0000-0000-0000-000000000006', 'p1000000-0000-0000-0000-000000000015', 'AO-015', 'Isotônico Sport 500ml', 180, 5.40, 972.00);

-- ============================================================
-- RELATÓRIOS DE INGESTÃO (histórico)
-- ============================================================
INSERT INTO alwayson_relatorios_ingestao (distribuidor_id, tipo, arquivo_nome, status, periodo_referencia, registros_processados, criado_em) VALUES
  ('d1000000-0000-0000-0000-000000000001', 'vendas', 'vendas_nordeste_jan2026.xlsx', 'concluido', '2026-01-01', 245, '2026-02-02 09:30:00'),
  ('d1000000-0000-0000-0000-000000000001', 'vendas', 'vendas_nordeste_fev2026.xlsx', 'concluido', '2026-02-01', 278, '2026-03-02 10:15:00'),
  ('d1000000-0000-0000-0000-000000000001', 'vendas', 'vendas_nordeste_mar2026.xlsx', 'concluido', '2026-03-01', 312, '2026-03-14 08:45:00'),
  ('d1000000-0000-0000-0000-000000000001', 'estoque', 'estoque_nordeste_mar2026.xlsx', 'concluido', '2026-03-01', 10, '2026-03-14 09:00:00'),
  ('d1000000-0000-0000-0000-000000000001', 'clientes', 'clientes_nordeste_mar2026.xlsx', 'concluido', '2026-03-01', 12, '2026-03-14 09:15:00'),
  ('d1000000-0000-0000-0000-000000000002', 'vendas', 'vendas_paraiba_jan2026.xlsx', 'concluido', '2026-01-01', 180, '2026-02-03 11:00:00'),
  ('d1000000-0000-0000-0000-000000000002', 'vendas', 'vendas_paraiba_fev2026.xlsx', 'concluido', '2026-02-01', 195, '2026-03-03 10:30:00'),
  ('d1000000-0000-0000-0000-000000000002', 'vendas', 'vendas_paraiba_mar2026.xlsx', 'processando', '2026-03-01', NULL, '2026-03-14 14:00:00'),
  ('d1000000-0000-0000-0000-000000000003', 'vendas', 'vendas_potiguar_jan2026.xlsx', 'concluido', '2026-01-01', 156, '2026-02-04 08:30:00'),
  ('d1000000-0000-0000-0000-000000000003', 'vendas', 'vendas_potiguar_fev2026.xlsx', 'concluido', '2026-02-01', 168, '2026-03-04 09:00:00'),
  ('d1000000-0000-0000-0000-000000000003', 'estoque', 'estoque_potiguar_mar2026.xlsx', 'erro', '2026-03-01', 0, '2026-03-14 10:00:00');
